date,code,open,high,low,close,preclose,volume,amount,adjustflag,turn,tradestatus,pctChg,isST
2024-12-09,sz.300720,20.0000,22.5000,19.8800,21.1300,20.0000,12397325,261410109.2500,3,7.153600,1,5.650000,0
2024-12-10,sz.300720,22.0000,22.0000,20.6000,20.8000,21.1300,11293595,241000531.6000,3,6.516700,1,-1.561800,0
2024-12-11,sz.300720,20.6100,23.8600,20.3200,23.1900,20.8000,15127060,335318475.1500,3,8.728700,1,11.490400,0
2024-12-12,sz.300720,22.9900,23.5300,22.4100,23.1800,23.1900,9150875,210336343.0000,3,5.280300,1,-0.043100,0
2024-12-13,sz.300720,23.5000,23.8700,22.5000,22.9800,23.1800,8234395,189062159.6000,3,4.751500,1,-0.862800,0
2024-12-16,sz.300720,23.0800,24.1300,21.8000,22.1600,22.9800,7636374,173447053.1100,3,4.406400,1,-3.568300,0
2024-12-17,sz.300720,21.9500,22.1600,20.6700,20.8800,22.1600,5436330,115398841.5000,3,3.136900,1,-5.776200,0
2024-12-18,sz.300720,20.8800,21.1300,20.2900,20.7000,20.8800,3701650,76506305.8000,3,2.136000,1,-0.862100,0
2024-12-19,sz.300720,20.3000,21.2500,20.1000,20.7200,20.7000,3476720,72011538.0000,3,2.006200,1,0.096600,0
2024-12-20,sz.300720,20.7200,21.2400,20.5000,20.8800,20.7200,3137580,65614793.0000,3,1.810500,1,0.772200,0
2024-12-23,sz.300720,20.8000,20.8000,18.5000,18.7800,20.8800,6930390,134581980.9000,3,3.999000,1,-10.057500,0
2024-12-24,sz.300720,19.0400,19.0400,18.2000,18.7400,18.7800,3214860,59596432.2000,3,1.855100,1,-0.213000,0
2024-12-25,sz.300720,18.6800,18.7700,17.6000,17.7800,18.7400,4148440,74564668.2000,3,2.393800,1,-5.122700,0
2024-12-26,sz.300720,17.9100,18.3500,17.5000,17.7000,17.7800,3234390,57894259.4000,3,1.866300,1,-0.449900,0
2024-12-27,sz.300720,17.8700,19.1100,17.5300,18.8400,17.7000,7005180,129670106.1000,3,4.042200,1,6.440700,0
2024-12-30,sz.300720,18.9100,19.0000,17.9700,18.3100,18.8400,4412760,80413361.4000,3,2.546300,1,-2.813200,0
2024-12-31,sz.300720,18.3600,18.7600,17.5500,17.5600,18.3100,3743280,67615861.0000,3,2.160000,1,-4.096100,0
2025-01-02,sz.300720,17.5800,17.8100,16.7000,17.0200,17.5600,3305020,57038977.0000,3,1.907100,1,-3.075200,0
2025-01-03,sz.300720,17.0100,17.1400,16.0400,16.2800,17.0200,3561170,58971681.9000,3,2.054900,1,-4.347800,0
2025-01-06,sz.300720,16.2800,16.6800,15.5700,16.4400,16.2800,2477280,40314097.0000,3,1.429500,1,0.982800,0
2025-01-07,sz.300720,16.5000,17.2800,16.3600,17.2800,16.4400,3056875,51873198.7500,3,1.763900,1,5.109500,0
2025-01-08,sz.300720,17.2800,17.4100,16.4500,17.1700,17.2800,2205400,37489181.6000,3,1.272600,1,-0.636600,0
2025-01-09,sz.300720,17.0100,17.5100,16.7600,17.2600,17.1700,2094580,36196833.4000,3,1.208600,1,0.524200,0
2025-01-10,sz.300720,17.4500,18.0200,16.8000,16.8000,17.2600,4224154,73961735.3900,3,2.437500,1,-2.665100,0
2025-01-13,sz.300720,16.4900,17.4100,16.1300,17.3300,16.8000,3119365,52584507.7600,3,1.800000,1,3.154800,0
2025-01-14,sz.300720,17.3300,18.2000,17.2200,18.2000,17.3300,3676400,66029224.2000,3,2.121400,1,5.020200,0
2025-01-15,sz.300720,18.3000,18.9900,17.9600,18.3300,18.2000,5117800,94742580.0000,3,2.953100,1,0.714300,0
2025-01-16,sz.300720,18.3900,18.6700,17.8000,18.0800,18.3300,2848060,51812254.0000,3,1.643400,1,-1.363900,0
2025-01-17,sz.300720,18.0500,18.2800,17.8500,18.0500,18.0800,1639300,29667951.0000,3,0.945900,1,-0.165900,0
2025-01-20,sz.300720,18.1800,19.0500,18.1800,18.5800,18.0500,3763400,70447208.4000,3,2.171600,1,2.936300,0
2025-01-21,sz.300720,18.6500,18.8600,18.3000,18.6500,18.5800,2160480,39958935.2000,3,1.246700,1,0.376700,0
2025-01-22,sz.300720,18.4700,18.4900,18.0500,18.2600,18.6500,2241251,40870029.7700,3,1.293300,1,-2.091200,0
2025-01-23,sz.300720,18.2700,18.6800,18.2000,18.2200,18.2600,3148610,57933099.5000,3,1.816800,1,-0.219100,0
2025-01-24,sz.300720,18.0500,18.4300,17.8000,18.3100,18.2200,3309726,59924599.9800,3,1.909800,1,0.494000,0
2025-01-27,sz.300720,18.4000,18.6000,17.8800,18.0000,18.3100,2488080,44986239.1000,3,1.435700,1,-1.693100,0
2025-02-05,sz.300720,18.1800,18.2800,17.7000,17.7900,18.0000,2277700,40805081.0000,3,1.314300,1,-1.166700,0
2025-02-06,sz.300720,17.8100,19.1300,17.7100,19.1200,17.7900,4574330,85070681.2000,3,2.639500,1,7.476100,0
2025-02-07,sz.300720,19.1100,19.3000,18.7300,19.0900,19.1200,4458580,84742188.0000,3,2.572700,1,-0.156900,0
2025-02-10,sz.300720,19.2000,19.2500,18.8000,19.1200,19.0900,2339200,44451465.2000,3,1.349800,1,0.157200,0
2025-02-11,sz.300720,19.0200,19.1500,18.7200,18.9800,19.1200,2201540,41645835.0000,3,1.270300,1,-0.732200,0
2025-02-12,sz.300720,18.8800,19.1600,18.8000,19.0200,18.9800,2442500,46322479.8000,3,1.409400,1,0.210700,0
2025-02-13,sz.300720,19.0200,19.0800,18.4600,18.4700,19.0200,2744300,51195031.0100,3,1.583500,1,-2.891700,0
2025-02-14,sz.300720,18.4200,18.7000,17.9700,18.4600,18.4700,4294861,78693759.3800,3,2.478300,1,-0.054100,0
2025-02-17,sz.300720,18.8000,19.1200,18.4600,18.6500,18.4600,4311045,81018257.7000,3,2.487600,1,1.029300,0
2025-02-18,sz.300720,18.6600,18.7400,18.0000,18.0200,18.6500,3494740,63985991.8000,3,2.016600,1,-3.378000,0
2025-02-19,sz.300720,18.0000,18.5700,17.9400,18.4900,18.0200,3664380,67178646.6000,3,2.114400,1,2.608200,0
2025-02-20,sz.300720,18.4900,19.5800,18.2400,19.2700,18.4900,6476781,123120411.7300,3,3.737300,1,4.218500,0
2025-02-21,sz.300720,19.0800,19.5100,18.8600,19.4800,19.2700,6461575,124678593.3000,3,3.728500,1,1.089800,0
2025-02-24,sz.300720,19.4800,21.3600,19.3700,20.7800,19.4800,9922446,203662691.8500,3,5.725500,1,6.673500,0
2025-02-25,sz.300720,20.7200,21.7800,20.3000,21.0900,20.7800,9187690,193891893.1000,3,5.301500,1,1.491800,0
2025-02-26,sz.300720,21.0900,21.1900,20.5600,20.7700,21.0900,5683380,118306758.8000,3,3.279500,1,-1.517300,0
2025-02-27,sz.300720,20.7800,20.8800,19.8600,20.3500,20.7700,4792390,97171725.5000,3,2.765300,1,-2.022100,0
2025-02-28,sz.300720,20.3000,20.3500,19.4800,19.6900,20.3500,3359980,66280725.2000,3,1.938800,1,-3.243200,0
2025-03-03,sz.300720,19.6900,19.8700,19.5100,19.6400,19.6900,2821880,55544090.0000,3,1.628300,1,-0.253900,0
2025-03-04,sz.300720,19.5000,21.1200,19.5000,21.0600,19.6400,5562540,114061760.7000,3,3.209700,1,7.230100,0
2025-03-05,sz.300720,21.0000,21.3400,20.7700,21.3300,21.0600,5046490,106649170.0000,3,2.912000,1,1.282100,0
2025-03-06,sz.300720,21.3800,21.4200,21.0000,21.3100,21.3300,4484858,95077570.3400,3,2.587900,1,-0.093800,0
2025-03-07,sz.300720,21.1900,22.2800,21.1000,21.3500,21.3100,4242170,91136302.8000,3,2.447800,1,0.187700,0
2025-03-10,sz.300720,21.4800,21.8600,21.1000,21.2500,21.3500,3943990,84670639.6000,3,2.275800,1,-0.468400,0
2025-03-11,sz.300720,21.0700,21.2800,20.7600,21.2600,21.2500,2732880,57311159.8000,3,1.576900,1,0.047100,0
2025-03-12,sz.300720,21.1500,21.3000,20.7000,20.7600,21.2600,2702330,56490986.8000,3,1.559300,1,-2.351800,0
2025-03-13,sz.300720,20.7700,20.8500,20.1900,20.4700,20.7600,2423380,49608023.3000,3,1.398400,1,-1.396900,0
2025-03-14,sz.300720,20.4800,20.8000,20.4200,20.5400,20.4700,3151700,64891806.3000,3,1.818600,1,0.342000,0
2025-03-17,sz.300720,24.6500,24.6500,24.6500,24.6500,20.5400,2448550,60356757.5000,3,1.412900,1,20.009700,0
2025-03-18,sz.300720,26.0000,29.5000,23.9000,26.9600,24.6500,32235182,834122314.0000,3,18.600600,1,9.371200,0
2025-03-19,sz.300720,26.7700,28.2000,25.6500,25.7800,26.9600,24409693,649093831.9500,3,14.085100,1,-4.376900,0
2025-03-20,sz.300720,25.4400,25.7700,23.9500,24.1800,25.7800,18822846,462671724.9600,3,10.861300,1,-6.206400,0
2025-03-21,sz.300720,23.4800,23.5900,22.2100,22.2100,24.1800,13670168,311048134.4800,3,7.888100,1,-8.147200,0
2025-03-24,sz.300720,22.4300,22.5900,21.0200,21.7500,22.2100,8904710,193854915.5900,3,5.138300,1,-2.071100,0
2025-03-25,sz.300720,21.8100,21.9100,21.0200,21.2000,21.7500,6289430,134372279.7000,3,3.629200,1,-2.528700,0
2025-03-26,sz.300720,21.2500,21.7500,21.1800,21.3000,21.2000,5638430,120871682.1000,3,3.253500,1,0.471700,0
2025-03-27,sz.300720,21.2700,21.2700,20.5000,20.5400,21.3000,6202040,128735123.0000,3,3.578700,1,-3.568100,0
2025-03-28,sz.300720,20.4800,20.7600,20.2300,20.4900,20.5400,5016735,102684068.2000,3,2.894800,1,-0.243400,0
2025-03-31,sz.300720,20.4800,21.0000,20.2800,20.9000,20.4900,5608550,116013300.5000,3,3.236300,1,2.001000,0
2025-04-01,sz.300720,20.8800,21.4400,20.8300,20.8800,20.9000,5201250,109513382.8000,3,3.001300,1,-0.095700,0
2025-04-02,sz.300720,20.7400,21.4200,20.7300,20.9400,20.8800,3717374,78180388.7200,3,2.145000,1,0.287400,0
2025-04-03,sz.300720,20.6900,20.9500,20.0200,20.2300,20.9400,4239300,86651212.8000,3,2.446200,1,-3.390600,0
2025-04-07,sz.300720,19.0000,19.0000,16.4100,16.7300,20.2300,8421020,146907685.9600,3,4.859200,1,-17.301000,0
2025-04-08,sz.300720,17.0200,17.7100,16.7000,17.1200,16.7300,5092000,87616384.0000,3,2.938200,1,2.331100,0
2025-04-09,sz.300720,16.7000,17.8900,15.7000,17.6400,17.1200,6417050,109754896.6000,3,3.702800,1,3.037400,0
2025-04-10,sz.300720,17.9800,18.4200,17.8100,17.9700,17.6400,5409400,98236675.0000,3,3.121400,1,1.870700,0
2025-04-11,sz.300720,17.8500,18.6000,17.7100,18.4400,17.9700,4858310,88879528.3000,3,2.803400,1,2.615500,0
2025-04-14,sz.300720,18.5900,18.9600,18.5400,18.6500,18.4400,4513680,84379988.8000,3,2.604500,1,1.138800,0
2025-04-15,sz.300720,18.7400,18.9300,18.4800,18.6900,18.6500,2874710,53707102.0000,3,1.658800,1,0.214500,0
2025-04-16,sz.300720,18.5800,18.7000,17.9200,18.2500,18.6900,2671050,48845339.8000,3,1.541300,1,-2.354200,0
2025-04-17,sz.300720,18.2400,18.5600,18.0500,18.1900,18.2500,1916822,35249145.6000,3,1.106100,1,-0.328800,0
2025-04-18,sz.300720,18.2500,18.4900,17.9100,18.0600,18.1900,2239180,40553790.0000,3,1.292100,1,-0.714700,0
2025-04-21,sz.300720,18.0800,19.2000,18.0100,18.8700,18.0600,4549800,84844826.8000,3,2.625400,1,4.485000,0
2025-04-22,sz.300720,18.7700,19.8700,18.7500,19.6100,18.8700,5859840,112985395.5000,3,3.381300,1,3.921600,0
2025-04-23,sz.300720,19.6100,19.9000,19.4200,19.7000,19.6100,4267830,83888591.7000,3,2.462700,1,0.458900,0
2025-04-24,sz.300720,19.7000,20.1400,19.5500,20.0300,19.7000,4763306,95022129.0000,3,2.748600,1,1.675100,0
2025-04-25,sz.300720,19.8500,20.4300,19.8500,20.3500,20.0300,3709312,74890681.4000,3,2.140400,1,1.597600,0
2025-04-28,sz.300720,20.3600,20.5600,19.9100,19.9700,20.3500,3260000,65538720.0000,3,1.881100,1,-1.867300,0
2025-04-29,sz.300720,20.0000,20.4900,19.9500,20.0700,19.9700,2876000,58113106.0000,3,1.659500,1,0.500800,0
2025-04-30,sz.300720,20.0900,20.6400,19.9400,20.6000,20.0700,3187000,64835066.0000,3,1.839000,1,2.640800,0
2025-05-06,sz.300720,20.8000,20.9000,20.5700,20.8600,20.6000,2822500,58583194.0000,3,1.628700,1,1.262100,0
2025-05-07,sz.300720,21.0000,21.3000,20.7200,20.9000,20.8600,3164780,66357467.2000,3,1.826200,1,0.191800,0
2025-05-08,sz.300720,20.9100,21.0300,20.7500,20.8400,20.9000,3095300,64620053.4000,3,1.786100,1,-0.287100,0
2025-05-09,sz.300720,20.9200,20.9300,20.3200,20.5100,20.8400,2348020,48294161.6000,3,1.354900,1,-1.583500,0
2025-05-12,sz.300720,20.6200,20.9000,20.5300,20.7700,20.5100,2131150,44159710.0000,3,1.229700,1,1.267700,0
2025-05-13,sz.300720,20.9800,22.2800,20.9800,21.1300,20.7700,6871640,147953667.4000,3,3.965100,1,1.733300,0
2025-05-14,sz.300720,21.5000,21.5000,20.7300,21.4000,21.1300,4909006,103687952.8800,3,2.832600,1,1.277800,0
2025-05-15,sz.300720,21.3200,21.9900,21.2800,21.4600,21.4000,4747450,102793732.0000,3,2.739400,1,0.280400,0
2025-05-16,sz.300720,21.3800,21.6600,21.2800,21.5100,21.4600,2872851,61681134.4800,3,1.657700,1,0.233000,0
2025-05-19,sz.300720,21.5200,22.6300,21.5000,22.5800,21.5100,6962981,155046096.5900,3,4.017800,1,4.974400,0
2025-05-20,sz.300720,22.8500,22.8500,22.0800,22.4500,22.5800,4398700,98657776.0000,3,2.538200,1,-0.575700,0
2025-05-21,sz.300720,22.4000,22.4000,21.8000,21.9600,22.4500,3527300,77570836.0000,3,2.035300,1,-2.182600,0
2025-05-22,sz.300720,21.9000,22.0300,21.4900,21.5000,21.9600,2430600,52742021.0000,3,1.402500,1,-2.094700,0
2025-05-23,sz.300720,21.4900,22.2800,21.4000,21.6400,21.5000,3460100,75699278.5000,3,1.996600,1,0.651200,0
2025-05-26,sz.300720,21.5100,21.8200,21.2100,21.6400,21.6400,2375944,51107189.5400,3,1.371000,1,0.000000,0
2025-05-27,sz.300720,21.6000,21.7800,21.4100,21.4500,21.6400,1530700,32981635.0000,3,0.883300,1,-0.878000,0
2025-05-28,sz.300720,21.4600,21.7200,21.2600,21.3500,21.4500,1598200,34333039.0000,3,0.922200,1,-0.466200,0
2025-05-29,sz.300720,21.3300,21.9300,21.3200,21.5800,21.3500,2697000,58620989.0000,3,1.556200,1,1.077300,0
2025-05-30,sz.300720,21.5200,22.0000,21.3900,21.9000,21.5800,2433300,52670583.0000,3,1.404100,1,1.482900,0
2025-06-03,sz.300720,21.8800,22.6100,21.7100,22.0900,21.9000,4849170,107709249.3000,3,2.798100,1,0.867600,0
2025-06-04,sz.300720,22.0800,22.7300,21.8100,22.1500,21.9400,4246250,94303936.1000,3,2.450200,1,0.957200,0
2025-06-05,sz.300720,22.2700,23.0000,22.1600,22.6000,22.1500,4912050,111380919.2000,3,2.834400,1,2.031600,0
2025-06-06,sz.300720,22.7500,22.7600,21.9200,22.0100,22.6000,3910620,86891544.6000,3,2.256500,1,-2.610600,0
2025-06-09,sz.300720,22.0500,22.2300,21.9100,21.9500,22.0100,2607740,57448038.3000,3,1.504700,1,-0.272600,0
2025-06-10,sz.300720,21.9900,22.5000,21.4400,21.8600,21.9500,3699560,80643047.6000,3,2.134700,1,-0.410000,0
2025-06-11,sz.300720,21.8600,22.2000,21.7700,22.0500,21.8600,2485850,54536005.0000,3,1.434400,1,0.869200,0
2025-06-12,sz.300720,22.0600,22.4600,21.8900,22.3300,22.0500,2672150,59480091.2000,3,1.541900,1,1.269800,0
2025-06-13,sz.300720,22.3500,22.3800,21.2800,21.2800,22.3300,3289750,71184613.7000,3,1.898300,1,-4.702200,0
2025-06-16,sz.300720,21.1500,21.6500,21.1000,21.2700,21.2800,1672750,35752659.5000,3,0.965200,1,-0.047000,0
2025-06-17,sz.300720,21.2900,21.4400,20.8800,21.0600,21.2700,2028700,42845984.0000,3,1.170600,1,-0.987300,0
2025-06-18,sz.300720,21.1500,21.6600,20.7400,20.9500,21.0600,2134350,44996046.5000,3,1.231600,1,-0.522300,0
2025-06-19,sz.300720,20.8100,21.0400,20.3200,20.4500,20.9500,2286680,47242244.2000,3,1.319500,1,-2.386600,0
2025-06-20,sz.300720,20.5700,22.3000,19.8600,21.4400,20.4500,6718030,142594345.9000,3,3.876500,1,4.841100,0
2025-06-23,sz.300720,21.0000,21.3900,20.8200,20.9800,21.4400,3596335,75727088.2500,3,2.075200,1,-2.145500,0
2025-06-24,sz.300720,21.0300,22.0500,21.0300,21.8300,20.9800,4291080,92985515.0000,3,2.476100,1,4.051500,0
2025-06-25,sz.300720,21.8300,22.1900,21.7000,22.0900,21.8300,3542690,77987106.0000,3,2.044200,1,1.191000,0
2025-06-26,sz.300720,22.4500,22.4500,21.9300,22.0400,22.0900,2596600,57410408.0000,3,1.498300,1,-0.226300,0
2025-06-27,sz.300720,22.0400,23.4300,22.0400,23.0700,22.0400,7329925,167353146.0500,3,4.229600,1,4.673300,0
2025-06-30,sz.300720,23.2600,23.3000,21.7000,21.9000,23.0700,9731000,216545764.0000,3,5.615100,1,-5.071500,0
2025-07-01,sz.300720,21.8600,22.1600,21.2500,22.1100,21.9000,5607950,121651998.5000,3,3.235900,1,0.958900,0
2025-07-02,sz.300720,22.0500,22.6400,21.7500,21.8200,22.1100,4174300,92557911.0000,3,2.408700,1,-1.311600,0
2025-07-03,sz.300720,21.9700,22.2000,21.6800,21.7300,21.8200,2409200,52694293.8000,3,1.390200,1,-0.412500,0
2025-07-04,sz.300720,21.7300,21.7300,21.0200,21.0600,21.7300,3201860,67950345.5000,3,1.847600,1,-3.083300,0
2025-07-07,sz.300720,20.9600,21.2000,20.8000,21.0700,21.0600,2078851,43643324.8600,3,1.199600,1,0.047500,0
2025-07-08,sz.300720,21.1000,21.3900,21.0100,21.2000,21.0700,1958690,41586286.4000,3,1.130200,1,0.617000,0
2025-07-09,sz.300720,21.2400,21.5800,20.9800,21.0800,21.2000,2128230,45174707.1000,3,1.228000,1,-0.566000,0
2025-07-10,sz.300720,21.1400,21.1500,20.9100,21.1100,21.0800,1244980,26172690.4000,3,0.718400,1,0.142300,0
2025-07-11,sz.300720,21.2300,21.6500,20.9300,21.4600,21.1100,3130860,66880365.6000,3,1.806600,1,1.658000,0
2025-07-14,sz.300720,21.4700,21.4900,21.0800,21.2300,21.4600,1961900,41715710.0000,3,1.132100,1,-1.071800,0
2025-07-15,sz.300720,21.2300,21.2300,20.8000,20.8800,21.2300,2381000,49904731.4000,3,1.373900,1,-1.648600,0
2025-07-16,sz.300720,20.9100,21.4400,20.8800,21.0600,20.8800,2237000,47423033.0000,3,1.290800,1,0.862100,0
2025-07-17,sz.300720,21.0300,21.8000,21.0000,21.5600,21.0600,3216160,69333806.3000,3,1.855800,1,2.374200,0
2025-07-18,sz.300720,21.5600,21.6700,21.0500,21.1800,21.5600,2790900,59248029.0000,3,1.610400,1,-1.762500,0
2025-07-21,sz.300720,21.1900,21.6400,21.0500,21.5800,21.1800,2629600,56378360.2000,3,1.517400,1,1.888600,0
2025-07-22,sz.300720,21.5700,22.0000,21.5700,21.8300,21.5800,3346900,72858971.0000,3,1.931300,1,1.158500,0
2025-07-23,sz.300720,21.8200,21.8200,21.3500,21.6600,21.8300,2396000,51583588.0000,3,1.382600,1,-0.778700,0
2025-07-24,sz.300720,21.6100,21.8400,21.5000,21.7500,21.6600,2747900,59609426.0000,3,1.585600,1,0.415500,0
2025-07-25,sz.300720,21.8000,22.0000,21.7200,21.8800,21.7500,2857500,62484835.0000,3,1.648900,1,0.597700,0
2025-07-28,sz.300720,21.8900,22.7800,21.8600,22.2700,21.8800,4946400,110552346.2000,3,2.854200,1,1.782400,0
2025-07-29,sz.300720,22.2700,22.3500,22.0300,22.2300,22.2700,2053260,45467328.8000,3,1.184800,1,-0.179600,0
2025-07-30,sz.300720,22.2300,22.3900,21.9000,22.2100,22.2300,2755700,60983322.0000,3,1.590100,1,-0.090000,0
2025-07-31,sz.300720,22.0900,22.2800,21.7000,21.8200,22.2100,2223530,48967514.0000,3,1.283000,1,-1.756000,0
2025-08-01,sz.300720,21.9200,22.1700,21.8000,21.9600,21.8200,1668830,36739311.9000,3,0.963000,1,0.641600,0
2025-08-04,sz.300720,21.9000,22.5800,21.8000,22.5500,21.9600,3128900,69832032.0000,3,1.805500,1,2.686700,0
2025-08-05,sz.300720,22.5500,22.7500,22.2700,22.6300,22.5500,3850000,87087534.0000,3,2.221600,1,0.354800,0
2025-08-06,sz.300720,22.6300,23.9500,22.6300,23.5200,22.6300,6681210,156368312.3000,3,3.855200,1,3.932800,0
2025-08-07,sz.300720,23.5500,28.2200,23.3800,25.5200,23.5200,17887590,462004452.3000,3,10.321600,1,8.503400,0
2025-08-08,sz.300720,25.3200,26.1100,24.7000,25.9000,25.5200,11981740,306493657.6000,3,6.913800,1,1.489000,0
2025-08-11,sz.300720,25.3400,26.2100,25.1500,25.9300,25.9000,9899820,256114612.2000,3,5.712500,1,0.115800,0
2025-08-12,sz.300720,25.7800,27.3400,25.5000,26.6600,25.9300,10724180,283899516.8000,3,6.188100,1,2.815300,0
2025-08-13,sz.300720,26.3900,26.6600,25.5000,26.0100,26.6600,8307504,214836656.9200,3,4.793700,1,-2.438100,0
2025-08-14,sz.300720,25.9500,26.0000,24.6900,24.7100,26.0100,7335610,184151157.6000,3,4.232800,1,-4.998100,0
2025-08-15,sz.300720,24.7200,25.8500,24.7200,25.5500,24.7100,6114700,155619040.8000,3,3.528300,1,3.399400,0
2025-08-18,sz.300720,25.6500,26.2900,25.3600,25.5200,25.5500,5573630,142718398.9000,3,3.216100,1,-0.117400,0
2025-08-19,sz.300720,24.7900,25.3400,24.5100,24.9700,25.5200,6615203,164943571.0100,3,3.817200,1,-2.155200,0
2025-08-20,sz.300720,24.8500,24.9900,24.6000,24.9400,24.9700,3033910,75207112.1000,3,1.750600,1,-0.120100,0
2025-08-21,sz.300720,25.1700,25.9000,24.6200,24.6900,24.9400,5511500,138992918.0000,3,3.180300,1,-1.002400,0
2025-08-22,sz.300720,25.0000,25.3900,24.6000,25.1200,24.6900,3881240,97145443.6000,3,2.239600,1,1.741600,0
2025-08-25,sz.300720,25.1400,25.3100,24.6000,24.9000,25.1200,4198269,104398324.2600,3,2.422500,1,-0.875800,0
2025-08-26,sz.300720,25.0000,26.3900,24.7000,26.0400,24.9000,7612720,195601179.4000,3,4.392700,1,4.578300,0
2025-08-27,sz.300720,26.1000,26.2100,24.9900,25.0100,26.0400,5546230,141880092.1500,3,3.200300,1,-3.955500,0
2025-08-28,sz.300720,24.9700,25.4500,24.5000,25.4500,25.0100,4668590,116727047.5000,3,2.693900,1,1.759300,0
2025-08-29,sz.300720,25.5200,25.5800,24.5800,24.6800,25.4500,3911935,97653671.8500,3,2.239800,1,-3.025500,0
2025-09-01,sz.300720,25.4800,25.7500,24.8600,25.6500,24.6800,5497950,139308714.0000,3,3.147900,1,3.930300,0
2025-09-02,sz.300720,25.8800,26.0000,24.8800,25.1600,25.6500,4207550,106138734.0000,3,2.409100,1,-1.910300,0
2025-09-03,sz.300720,25.1600,26.0000,24.0800,24.3600,25.1600,5127980,128092051.8000,3,2.936100,1,-3.179700,0
2025-09-04,sz.300720,24.3000,25.5000,24.2100,24.8300,24.3600,5176010,128573408.2000,3,2.963600,1,1.929400,0
2025-09-05,sz.300720,24.8500,26.9800,24.5000,26.7900,24.8300,10136810,263840084.7000,3,5.804000,1,7.893700,0
2025-09-08,sz.300720,27.2900,27.9900,26.7700,27.0700,26.7900,8698200,237823320.5000,3,4.980300,1,1.045200,0
2025-09-09,sz.300720,26.8900,27.0800,25.8000,26.0600,27.0700,4737450,124704915.0000,3,2.712500,1,-3.731100,0
2025-09-10,sz.300720,26.0000,26.1800,25.6000,25.7300,26.0600,2880860,74407289.7000,3,1.649500,1,-1.266300,0
2025-09-11,sz.300720,25.7300,26.6900,25.3000,26.4600,25.7300,4992440,130158587.0000,3,2.858500,1,2.837200,0
2025-09-12,sz.300720,26.4100,26.8700,26.1200,26.7000,26.4600,4918190,130315203.2000,3,2.816000,1,0.907000,0
2025-09-15,sz.300720,26.7000,26.7100,25.8400,25.8700,26.7000,3109270,81534032.9000,3,1.780300,1,-3.108600,0
2025-09-16,sz.300720,25.8800,27.2700,25.8500,27.0200,25.8700,5407490,144294493.4000,3,3.096200,1,4.445300,0
2025-09-17,sz.300720,27.0000,27.4900,26.6600,26.7300,27.0200,3872560,104250013.2000,3,2.217300,1,-1.073300,0
2025-09-18,sz.300720,26.5800,26.9600,25.5800,25.8200,26.7300,5382900,141620376.4000,3,3.082100,1,-3.404400,0
2025-09-19,sz.300720,25.8800,26.0800,25.2000,25.8300,25.8200,3667700,93877662.0000,3,2.100000,1,0.038700,0
2025-09-22,sz.300720,25.9200,26.6600,25.6200,26.2000,25.8300,4646960,121661417.0000,3,2.660700,1,1.432400,0
2025-09-23,sz.300720,26.3900,26.3900,24.6000,25.2800,26.2000,5224710,131771411.7000,3,2.991500,1,-3.511500,0
2025-09-24,sz.300720,24.9800,26.1800,24.9200,25.9500,25.2800,3579400,92009611.0000,3,2.049400,1,2.650300,0
2025-09-25,sz.300720,25.9700,25.9800,24.6100,24.8500,25.9500,5411140,135658244.8000,3,3.098200,1,-4.238900,0
2025-09-26,sz.300720,24.8100,24.9500,24.2000,24.2000,24.8500,2597801,63431321.2600,3,1.487400,1,-2.615700,0
2025-09-29,sz.300720,24.1800,24.5800,23.7600,24.0700,24.2000,2237600,53786895.0000,3,1.281200,1,-0.537200,0
2025-09-30,sz.300720,24.0400,24.3200,23.6000,24.0500,24.0700,3333820,79838167.2000,3,1.908800,1,-0.083100,0
2025-10-09,sz.300720,23.8100,24.2400,23.7000,24.0000,24.0500,3020800,72375916.8000,3,1.729600,1,-0.207900,0
2025-10-10,sz.300720,24.0200,24.2300,23.4900,23.5500,24.0000,2490250,59309962.5000,3,1.425800,1,-1.875000,0
2025-10-13,sz.300720,23.0800,23.6300,22.3000,23.3000,23.5500,3501000,80631663.0000,3,2.004600,1,-1.061600,0
2025-10-14,sz.300720,23.2800,23.5600,22.3900,22.5800,23.3000,3031100,69437774.0000,3,1.735500,1,-3.090100,0
2025-10-15,sz.300720,22.7000,23.7700,22.6000,23.4600,22.5800,2859800,66204614.0000,3,1.637400,1,3.897300,0
2025-10-16,sz.300720,23.3500,23.6500,22.7800,22.8300,23.4600,2703800,62376564.0000,3,1.548100,1,-2.685400,0
2025-10-17,sz.300720,23.0100,23.4500,22.6000,22.6500,22.8300,3022100,69481408.0000,3,1.730400,1,-0.788400,0
2025-10-20,sz.300720,22.8800,23.4200,22.8600,23.3200,22.6500,2478320,57622956.0000,3,1.419000,1,2.958100,0
2025-10-21,sz.300720,23.3200,23.8200,23.2300,23.6100,23.3200,2173100,51215394.0000,3,1.244200,1,1.243600,0
2025-10-22,sz.300720,23.6100,24.8200,23.5800,24.3600,23.6100,4130520,100664183.2000,3,2.365000,1,3.176600,0
2025-10-23,sz.300720,24.3600,24.9000,24.0800,24.6000,24.3600,3991080,97722440.4000,3,2.285200,1,0.985200,0
2025-10-24,sz.300720,24.6000,24.7500,24.3500,24.6700,24.6000,2645600,65066330.0000,3,1.514800,1,0.284600,0
2025-10-27,sz.300720,24.8800,25.6800,24.6000,25.3000,24.6700,3243480,81987668.0000,3,1.857100,1,2.553700,0
2025-10-28,sz.300720,25.2900,25.5600,24.7000,24.9000,25.3000,4035380,101260447.8000,3,2.310500,1,-1.581000,0
2025-10-29,sz.300720,24.8200,26.3300,24.7400,25.7000,24.9000,4655810,119838521.8000,3,2.665800,1,3.212900,0
2025-10-30,sz.300720,25.4400,26.2900,25.3300,25.6800,25.7000,4468064,115649453.1600,3,2.558300,1,-0.077800,0
2025-10-31,sz.300720,25.6600,26.4200,25.3200,25.9900,25.6800,3521450,90979999.1000,3,2.016300,1,1.207200,0
2025-11-03,sz.300720,26.2200,26.2200,25.6600,26.0700,25.9900,2441900,63277749.0000,3,1.398200,1,0.307800,0
2025-11-04,sz.300720,26.0200,26.7000,25.8800,26.4600,26.0700,2884990,76174634.3000,3,1.651900,1,1.496000,0
2025-11-05,sz.300720,26.2800,26.9800,26.1000,26.8800,26.4600,2752980,73191314.7000,3,1.576300,1,1.587300,0
2025-11-06,sz.300720,26.8800,31.4900,26.8700,28.9100,26.8800,15116800,438335247.1000,3,8.655400,1,7.552100,0
2025-11-07,sz.300720,29.2200,29.2200,26.4900,26.6800,28.9100,10633750,292449951.2000,3,6.088500,1,-7.713600,0
2025-11-10,sz.300720,26.5000,28.4600,26.3900,27.8800,26.6800,8814410,243881749.9000,3,5.046800,1,4.497800,0
2025-11-11,sz.300720,27.7200,30.1300,27.7000,29.3000,27.8800,10748340,314002312.5000,3,6.154100,1,5.093300,0
2025-11-12,sz.300720,28.9900,30.5600,28.9700,29.7500,29.3000,10196420,305029445.6000,3,5.838100,1,1.535800,0
2025-11-13,sz.300720,30.4000,30.7800,28.8800,29.0000,29.7500,7865750,231670235.8000,3,4.503700,1,-2.521000,0
2025-11-14,sz.300720,28.9100,29.7000,28.7800,28.9300,29.0000,5171800,151217081.5000,3,2.961200,1,-0.241400,0
2025-11-17,sz.300720,28.8800,29.4200,28.3900,28.6600,28.9300,3531500,101932779.0000,3,2.022000,1,-0.933300,0
2025-11-18,sz.300720,28.7500,29.8000,27.8800,29.3200,28.6600,6384400,184874686.5000,3,3.655500,1,2.302900,0
2025-11-19,sz.300720,29.3000,29.5300,28.9800,29.3200,29.3200,3017400,88249045.0000,3,1.727700,1,0.000000,0
2025-11-20,sz.300720,29.4800,31.0800,28.4100,28.9100,29.3200,7834010,231349292.2900,3,4.485500,1,-1.398400,0
2025-11-21,sz.300720,28.5000,28.9900,27.4200,28.7400,28.9100,7007210,197251261.4000,3,4.012100,1,-0.588000,0
2025-11-24,sz.300720,28.9000,29.0800,27.8000,28.2200,28.7400,3681040,104300410.8000,3,2.107600,1,-1.809300,0
2025-11-25,sz.300720,28.2100,28.5800,27.6900,27.8500,28.2200,4188280,117467676.8000,3,2.398100,1,-1.311100,0
2025-11-26,sz.300720,27.8500,27.9400,27.3500,27.5100,27.8500,3138200,86539084.0000,3,1.796800,1,-1.220800,0
2025-11-27,sz.300720,27.5100,27.6100,27.0000,27.0800,27.5100,2869100,78121302.0000,3,1.642800,1,-1.563100,0
2025-11-28,sz.300720,27.1800,28.9500,26.9100,28.8500,27.0800,5010600,140698301.0000,3,2.868900,1,6.536200,0
2025-12-01,sz.300720,28.6800,29.8300,28.5000,28.7300,28.8500,4347800,126288726.0000,3,2.489400,1,-0.415900,0
2025-12-02,sz.300720,28.6500,28.7500,28.1500,28.2500,28.7300,1969426,55811248.5000,3,1.127600,1,-1.670700,0
2025-12-03,sz.300720,28.5000,30.4400,28.0000,29.3000,28.2500,6932150,203291260.9000,3,3.969100,1,3.716800,0
2025-12-04,sz.300720,29.1800,29.3100,28.0000,28.8000,29.3000,6204150,177572153.3000,3,3.552300,1,-1.706500,0
2025-12-05,sz.300720,28.8700,31.6700,28.8700,30.9900,28.8000,11498910,350659310.3000,3,6.583900,1,7.604200,0
2025-12-08,sz.300720,30.5900,32.8000,29.7500,32.0000,30.9900,11218890,356434050.3000,3,6.423600,1,3.259100,0
2025-12-09,sz.300720,31.8000,33.5700,31.2000,31.5500,32.0000,12275900,394842770.0000,3,7.028800,1,-1.406300,0
