date,code,open,high,low,close,volume,amount,adjustflag,turn,pctChg
2020-11-27,sz.300696,54.1700,54.9300,49.6900,52.4300,8837538,464153027.4000,3,4.992900,-3.354839
2020-12-04,sz.300696,51.9700,55.3900,51.3000,52.8900,9862200,528504717.5900,3,5.571800,0.877360
2020-12-11,sz.300696,53.0300,54.0000,48.8100,49.6900,8203800,421414925.8300,3,4.635000,-6.050293
2020-12-18,sz.300696,49.6800,54.1900,48.1800,48.9700,10261058,519891179.0200,3,5.797200,-1.448984
2020-12-25,sz.300696,48.6100,55.2300,44.7000,51.4400,22497879,1113509864.6700,3,12.710600,5.043904
2020-12-31,sz.300696,51.6800,54.9500,49.5000,54.6500,17001090,889306938.0000,3,9.605100,6.240280
2021-01-08,sz.300696,56.0000,69.8800,53.6800,67.2000,29807522,1811110262.1100,3,16.840300,22.964318
2021-01-15,sz.300696,68.0000,71.3000,56.3400,58.0200,26425853,1672885993.3200,3,14.929800,-13.660714
2021-01-22,sz.300696,59.1100,59.1200,53.5900,55.9500,17147328,958578128.0000,3,9.687700,-3.567735
2021-01-29,sz.300696,56.1400,59.3000,49.0600,49.9000,22043844,1170918392.9800,3,12.454100,-10.813226
2021-02-05,sz.300696,49.4600,50.3700,43.9700,44.3000,13638906,639658159.0000,3,7.705500,-11.222445
2021-02-10,sz.300696,45.0000,47.0000,43.0100,46.7400,7047587,319338282.1200,3,3.981700,5.507901
2021-02-19,sz.300696,46.8100,48.7700,46.3000,47.4100,3627236,172009305.0000,3,2.049300,1.433462
2021-02-26,sz.300696,47.4200,52.5000,43.6900,43.8800,20228792,974292011.1100,3,11.428600,-7.445687
2021-03-05,sz.300696,44.0000,45.4000,41.8000,43.8200,15841769,688814617.0000,3,8.950100,-0.136737
2021-03-12,sz.300696,43.7500,44.0700,38.0000,40.0500,11866191,478890632.0000,3,6.704000,-8.603377
2021-03-19,sz.300696,39.3900,44.4600,39.2000,43.9500,9389301,394335525.0000,3,5.304700,9.737828
2021-03-26,sz.300696,43.5100,44.3900,41.2900,42.7600,6292080,269705620.0200,3,3.554800,-2.707622
2021-04-02,sz.300696,42.3200,47.3900,42.3200,43.5400,9850053,439567114.0000,3,5.565000,1.824135
2021-04-09,sz.300696,43.3500,47.3000,43.3400,45.3100,6944713,316887485.0000,3,3.923600,4.065227
2021-04-16,sz.300696,45.3800,46.2200,42.1900,43.4900,8330869,366901139.0000,3,7.932000,-4.016773
2021-04-23,sz.300696,42.8300,45.2500,42.8300,44.2800,6338289,279422052.7900,3,6.034800,1.816500
2021-04-30,sz.300696,45.8300,51.3600,43.4800,50.0000,13653934,656044071.5600,3,13.000200,12.917800
2021-05-07,sz.300696,50.5200,52.3700,47.8100,49.0000,4640730,232668153.4700,3,4.418600,-2.000000
2021-05-14,sz.300696,50.5000,51.2200,46.6800,50.4300,8045631,394536533.8500,3,7.660400,2.918400
2021-05-21,sz.300696,50.4400,54.3300,49.2000,50.0600,10402357,538621076.3200,3,9.475600,-0.733700
2021-05-28,sz.300696,50.0200,52.9800,39.5000,40.7800,8857753,415270763.2400,3,7.254800,6.136200
2021-06-04,sz.300696,40.9500,41.2200,37.4100,37.8800,12422432,487207197.9700,3,8.703000,-7.111300
2021-06-11,sz.300696,37.6000,40.7900,37.5000,38.7500,10502879,411395921.1800,3,7.358200,2.296700
2021-06-18,sz.300696,38.1700,39.4800,36.8000,39.1700,7465785,285586902.1800,3,5.230400,1.083900
2021-06-25,sz.300696,40.1000,50.0000,40.1000,43.4500,38331186,1704229594.7000,3,26.854400,10.926700
2021-07-02,sz.300696,43.4500,43.8300,37.5200,37.5900,20325777,834065763.9000,3,14.240000,-13.486800
2021-07-09,sz.300696,37.7100,45.2600,37.1200,44.1700,28431822,1203264260.4600,3,19.919000,17.504700
2021-07-16,sz.300696,44.0300,45.3800,39.0000,41.6000,24167801,1023485325.9500,3,16.931600,-5.818400
2021-07-23,sz.300696,42.0000,45.0300,40.5000,43.5000,27246888,1148703502.2500,3,19.088900,4.567300
2021-07-30,sz.300696,43.9800,46.5900,39.5400,44.6000,42675954,1876416308.7800,3,29.898300,2.528700
2021-08-06,sz.300696,45.2200,53.5200,45.1900,49.6500,54418728,2702421800.8900,3,38.125200,11.322900
2021-08-13,sz.300696,49.5900,55.2900,49.3300,51.7000,34035957,1764864047.2400,3,23.845200,4.128900
2021-08-20,sz.300696,50.1700,55.0300,48.0500,54.6500,36522907,1878383350.4900,3,25.587500,5.706000
2021-08-27,sz.300696,54.0300,56.9600,48.9100,49.0900,34975751,1820240075.4700,3,24.503600,-10.173800
2021-09-03,sz.300696,49.2000,57.4700,45.6700,46.5400,40539352,2090738062.2600,3,28.401400,-5.194500
2021-09-10,sz.300696,45.8500,50.3500,45.8500,47.7200,20185730,975200110.2600,3,14.141900,2.535500
2021-09-17,sz.300696,46.0000,46.9200,41.4200,42.3100,20503000,911123159.1900,3,14.364000,-11.337000
2021-09-24,sz.300696,41.4700,47.4800,41.4700,46.8200,17023899,763167129.5900,3,11.926700,10.659400
2021-09-30,sz.300696,45.8500,47.5000,42.6000,47.2000,18847272,854489259.0700,3,13.204200,0.811600
2021-10-08,sz.300696,47.2000,47.8000,44.0500,44.8000,4192192,188967773.6800,3,2.937000,-5.084700
2021-10-15,sz.300696,44.5500,49.5900,43.2000,48.9300,33026838,1551528015.2000,3,23.138200,9.218800
2021-10-22,sz.300696,48.7200,51.1700,47.9000,50.8700,18727306,928865303.2800,3,13.120000,3.964800
2021-10-29,sz.300696,50.9900,54.0600,50.0300,51.7000,17047122,886847766.5800,3,11.943100,1.631600
2021-11-05,sz.300696,51.3100,54.9000,51.3100,51.4100,15025736,802674850.6200,3,10.526900,-0.560900
2021-11-12,sz.300696,50.4000,57.4200,50.0000,56.9400,16903260,916300505.8100,3,11.842200,10.756700
2021-11-19,sz.300696,58.0000,58.0700,50.3300,53.4800,17349285,925968395.7200,3,12.154800,-6.076600
2021-11-26,sz.300696,53.1800,54.7700,49.6800,50.2400,15536063,803525083.7600,3,10.884300,-6.058300
2021-12-03,sz.300696,49.9800,56.5000,49.7800,53.0800,25984745,1389097067.6300,3,18.204700,5.652900
2021-12-10,sz.300696,53.5700,54.0000,48.7800,49.4000,19320768,976719832.9900,3,13.536000,-6.932900
2021-12-17,sz.300696,49.3900,51.5900,48.3200,50.1100,16264480,811369093.0300,3,11.394700,1.437200
2021-12-24,sz.300696,50.2900,50.3800,47.7100,48.2300,9625004,470059150.3600,3,6.743100,-3.751700
2021-12-31,sz.300696,47.8100,52.8500,46.3800,51.9400,18545098,931303930.1000,3,12.992500,7.692300
2022-01-07,sz.300696,51.5400,52.3300,46.0400,46.4000,11419632,551348342.4000,3,8.000500,-10.666200
2022-01-14,sz.300696,45.5200,46.8700,45.2200,46.3000,8750106,402870667.1800,3,6.130200,-0.215500
2022-01-21,sz.300696,47.4100,47.9800,44.0300,44.2100,11245362,520344353.1500,3,7.878400,-4.514000
2022-01-28,sz.300696,44.0000,50.4800,43.8500,47.7300,23621111,1140370299.4200,3,16.548700,7.962000
2022-02-11,sz.300696,48.1100,49.1000,45.1300,45.2600,10402370,491483767.7400,3,7.287900,-5.174900
2022-02-18,sz.300696,45.7800,47.7100,44.9100,45.1700,9064370,417991115.3500,3,6.350400,-0.198900
2022-02-25,sz.300696,45.3700,47.9900,43.5000,46.3000,19541907,898569638.8300,3,12.885400,2.501700
2022-03-04,sz.300696,46.6000,51.5000,46.3100,48.0900,18518869,916766795.0000,3,12.019600,3.866100
2022-03-11,sz.300696,48.5000,49.3600,43.0000,47.5800,19065444,889651582.0000,3,12.374400,-1.060500
2022-03-18,sz.300696,47.0200,52.2000,45.7200,49.2600,18773140,919736922.7800,3,12.184500,3.530900
2022-03-25,sz.300696,49.2600,52.3400,48.0000,48.5000,13475408,672619469.8300,3,8.746100,-1.542800
2022-04-01,sz.300696,47.7300,52.1700,46.5100,51.2000,14988084,749853370.0400,3,9.728000,5.567000
2022-04-08,sz.300696,51.2000,51.4000,46.7200,47.3200,7259156,351651223.4200,3,4.711600,-7.578100
2022-04-15,sz.300696,47.5000,47.6000,44.6900,46.8100,8680898,401034017.5400,3,5.634300,-1.077800
2022-04-22,sz.300696,46.2700,48.5000,39.6900,42.5900,14753144,650512769.8000,3,9.575500,-9.015200
2022-04-29,sz.300696,41.8400,44.8800,34.4900,43.9500,18263345,723288250.4400,3,11.853700,3.193200
2022-05-06,sz.300696,43.9600,48.5600,43.9000,47.0300,8017213,377079798.0700,3,5.203500,7.008000
2022-05-13,sz.300696,46.8000,47.7700,45.9000,46.5300,10640160,497873791.5900,3,6.906000,-1.063200
2022-05-20,sz.300696,47.0100,48.9900,46.3300,46.9000,7910181,375656777.0300,3,5.104600,0.795200
2022-05-27,sz.300696,46.9200,48.4000,37.3900,40.3400,11972250,502153553.1900,3,6.849500,3.675700
2022-06-02,sz.300696,40.4000,41.4600,39.7000,41.1800,7400019,300826795.1800,3,3.985000,2.082300
2022-06-10,sz.300696,41.1900,44.6000,41.0000,42.8700,13853703,590295510.5100,3,7.460300,4.103900
2022-06-17,sz.300696,42.5000,43.2000,40.6500,41.6700,13653832,572286686.4100,3,7.352600,-2.799200
2022-06-24,sz.300696,41.9800,44.5600,39.0000,43.8800,19711555,823818994.7400,3,10.614700,5.303600
2022-07-01,sz.300696,44.8000,46.0800,42.6000,42.8400,16924117,747354714.2800,3,9.113700,-2.370100
2022-07-08,sz.300696,43.0100,45.0800,37.4800,38.2400,29940130,1247306147.1100,3,16.123000,-10.737600
2022-07-15,sz.300696,37.8000,40.0900,37.0800,39.0700,18546793,717861095.5500,3,9.987500,2.170500
2022-07-22,sz.300696,38.9600,39.0000,35.6800,36.2500,20986625,782480684.6700,3,11.301500,-7.217800
2022-07-29,sz.300696,36.6600,37.3000,33.4500,33.6300,21675729,758144039.1900,3,11.672600,-7.227600
2022-08-05,sz.300696,33.8000,36.3300,32.1100,33.1400,42906578,1462867508.2700,3,23.105400,-1.457000
2022-08-12,sz.300696,33.7800,34.9000,32.4100,32.5100,29566574,994010534.6900,3,15.921800,-1.901000
2022-08-19,sz.300696,32.4600,33.2700,31.0000,31.0500,23549019,756646038.0400,3,12.681300,-4.490900
2022-08-26,sz.300696,30.9700,35.0800,30.5100,30.8200,44161252,1427964192.9400,3,23.781100,-0.740700
2022-09-02,sz.300696,30.4900,31.6300,28.7200,29.5200,17691952,530189595.7800,3,9.527200,-4.218000
2022-09-09,sz.300696,29.4500,31.7100,29.3100,30.7900,20147568,616424677.7500,3,10.849500,4.302200
2022-09-16,sz.300696,30.9900,32.3500,30.5000,31.5800,24341951,767162777.2500,3,13.108200,2.565800
2022-09-23,sz.300696,31.5700,32.1700,28.9100,30.8300,28621808,876254222.2300,3,15.413000,-2.374900
2022-09-30,sz.300696,30.2800,30.6000,27.2100,27.3400,26813757,768895376.6200,3,14.439400,-11.320100
2022-10-14,sz.300696,27.4000,27.8800,25.2100,27.6000,23916433,642771636.2900,3,12.879100,0.951000
2022-10-21,sz.300696,27.6700,29.1600,27.2600,27.7400,22556199,636934750.1000,3,12.146600,0.507200
2022-10-28,sz.300696,27.9500,29.6500,26.4900,26.6000,40184587,1138735362.2900,3,21.639700,-4.109600
2022-11-04,sz.300696,26.3800,28.6800,26.2500,28.6100,33270531,924474996.0200,3,17.916400,7.556400
2022-11-11,sz.300696,28.6100,31.4800,27.6700,30.5800,65255715,1933283967.4900,3,35.140600,6.885700
2022-11-18,sz.300696,30.3200,32.0800,29.8900,30.3500,40987620,1267594105.4300,3,22.072100,-0.752100
2022-11-25,sz.300696,30.1400,31.0100,28.2200,28.2400,20070758,598674674.9300,3,10.808300,-6.952200
2022-12-02,sz.300696,27.6700,29.2000,27.5000,28.4100,20699275,586399619.2700,3,11.146700,0.602000
2022-12-09,sz.300696,28.0600,28.5500,27.2600,27.3500,17278732,482957225.1800,3,9.304600,-3.731100
2022-12-16,sz.300696,27.0600,27.7700,25.6300,25.8600,16707606,445748384.4900,3,8.997200,-5.447900
2022-12-23,sz.300696,25.8600,26.2000,24.4500,24.6700,12676042,320985505.9300,3,6.826200,-4.601700
2022-12-30,sz.300696,24.8100,26.6300,24.6000,26.5300,16710449,434264058.3400,3,8.998600,7.539500
2023-01-06,sz.300696,26.4800,27.3900,26.4500,26.9800,13862011,373612979.1200,3,7.464700,1.696200
2023-01-13,sz.300696,26.9400,27.9800,25.3600,27.0000,36431598,973000882.7600,3,19.618700,0.074100
2023-01-20,sz.300696,27.2000,31.9900,26.9400,30.6100,60881063,1797917455.4600,3,32.784800,13.370400
2023-02-03,sz.300696,31.5800,33.5000,30.1800,30.5300,78163117,2487482238.6900,3,42.091300,-0.261400
2023-02-10,sz.300696,30.1500,30.5600,29.2500,29.4700,34984711,1048342807.9000,3,18.839500,-3.472000
2023-02-17,sz.300696,29.7200,30.1400,27.9600,28.5800,28497181,834133396.3900,3,15.345900,-3.020000
2023-02-24,sz.300696,28.5100,29.2200,28.0900,28.8500,19533745,561958434.8600,3,10.519000,0.944700
2023-03-03,sz.300696,28.7000,29.0700,27.9200,28.9700,19172543,547610934.1400,3,10.324400,0.415900
2023-03-10,sz.300696,29.1800,29.6000,27.0600,27.1200,24755595,696538919.5300,3,13.331000,-6.385900
2023-03-17,sz.300696,27.1100,27.3900,26.1500,26.3200,12527134,335541684.1000,3,6.745800,-2.949900
2023-03-24,sz.300696,26.2500,27.7000,25.9000,27.5200,17870805,485543719.6400,3,9.623500,4.559300
2023-03-31,sz.300696,27.5000,27.5400,26.2900,26.5400,13064968,349617284.8700,3,7.035600,-3.561000
2023-04-07,sz.300696,26.6000,28.5200,26.4000,28.1300,17480025,481718271.6400,3,9.413200,5.991000
2023-04-14,sz.300696,28.1500,28.1700,26.5300,26.7600,13550730,367863085.5400,3,7.297100,-4.870200
2023-04-21,sz.300696,26.7800,27.2300,25.0000,25.2500,16538254,431350496.5800,3,8.905900,-5.642800
2023-04-28,sz.300696,25.2000,25.2800,21.7300,23.8000,18186915,431236891.2400,3,10.148200,-5.742600
2023-05-05,sz.300696,23.7500,23.9600,22.5900,22.7900,5480521,127054065.7300,3,3.089200,-4.243700
2023-05-12,sz.300696,22.9000,23.3900,22.1000,22.2700,9729565,221108132.1400,3,5.484400,-2.281700
2023-05-19,sz.300696,22.1100,24.0800,22.1100,24.0600,14726469,342545105.2300,3,8.300900,8.037700
2023-05-26,sz.300696,23.9700,24.1300,23.4200,24.0600,10057456,239555862.5800,3,5.669100,0.000000
2023-06-02,sz.300696,25.6000,26.5400,23.8500,24.5800,34117572,854363871.5800,3,19.231300,2.161300
2023-06-09,sz.300696,24.5700,24.6900,22.6100,22.9000,14234684,333594583.4500,3,8.023700,-6.834800
2023-06-16,sz.300696,22.9000,23.6700,22.6000,23.5100,12245289,283645965.9100,3,6.902300,3.571100
2023-06-21,sz.300696,23.3200,24.4200,23.3200,23.8200,8760500,210089564.3100,3,4.938100,1.318600
2023-06-30,sz.300696,23.7000,24.9800,23.3500,24.6000,15554138,375182034.7200,3,8.767500,3.274600
2023-07-07,sz.300696,24.7200,24.9500,23.6900,23.9400,10803967,263452404.0300,3,6.089900,-2.682900
2023-07-14,sz.300696,23.9500,24.6600,23.7000,23.7200,8477368,204194368.4200,3,4.778500,-0.919000
2023-07-21,sz.300696,23.7400,23.9800,22.7000,22.7300,9350803,218295978.5400,3,5.270800,-4.173700
2023-07-28,sz.300696,22.7300,23.8800,22.5200,23.3400,10484388,244339118.0900,3,5.909700,2.683700
2023-08-04,sz.300696,23.4300,23.9500,22.9600,23.1300,8786718,205637687.0100,3,4.952900,-0.899700
2023-08-11,sz.300696,23.1000,23.2200,22.4500,22.4700,5892672,134432661.8300,3,3.321600,-2.853400
2023-08-18,sz.300696,22.1600,23.2200,21.5000,22.6400,11238074,252559342.1600,3,6.334700,0.756600
2023-08-25,sz.300696,22.6400,23.0900,20.7000,20.8100,10047661,219604519.0800,3,5.663600,-8.083000
2023-09-01,sz.300696,22.0000,22.4000,20.0100,20.9000,14177749,301294524.9400,3,7.991700,0.432500
2023-09-08,sz.300696,20.9700,22.7000,20.8000,22.5700,15142302,330711492.9600,3,8.535400,7.990400
2023-09-15,sz.300696,22.5300,22.5300,20.8400,21.1500,13901024,299632314.5800,3,7.835700,-6.291500
2023-09-22,sz.300696,20.9000,21.2900,20.2500,20.7500,7786769,160648113.9800,3,4.389300,-1.891300
2023-09-28,sz.300696,20.7500,20.8900,20.1700,20.7400,5944475,122037157.3300,3,3.350700,-0.048200
2023-10-13,sz.300696,20.7800,21.3300,19.7700,19.9300,13476443,277467831.0600,3,7.596300,-3.905500
2023-10-20,sz.300696,20.0000,20.4000,18.2800,18.3700,15579448,299235746.2300,3,8.781700,-7.827400
2023-10-27,sz.300696,18.3000,18.8800,17.8800,18.6800,14188284,260630570.1400,3,7.997500,1.687500
2023-11-03,sz.300696,18.5600,19.0500,18.2200,18.8600,13424876,250335734.4500,3,7.567300,0.963600
2023-11-10,sz.300696,18.8800,19.3800,18.7000,18.9000,11607778,221505976.6200,3,6.543000,0.212100
2023-11-17,sz.300696,18.8800,19.9600,18.8000,19.3800,18812476,366087768.2200,3,10.604200,2.539700
2023-11-24,sz.300696,19.3900,19.7700,18.5600,18.6600,12442941,239327537.0900,3,7.013800,-3.715200
2023-12-01,sz.300696,18.6400,18.9200,17.6300,17.8800,11671547,213873474.3000,3,6.578800,-4.180100
2023-12-08,sz.300696,17.9000,18.1600,17.1200,17.2000,12498412,219138278.8600,3,7.045000,-3.803100
2023-12-15,sz.300696,17.1500,17.7600,16.9200,17.0600,10338049,179369030.4300,3,5.827300,-0.814000
2023-12-22,sz.300696,17.0100,17.1600,16.0400,16.8400,11314810,188443904.2700,3,6.377900,-1.289600
2023-12-29,sz.300696,16.7900,17.4600,16.4000,17.4100,13929795,235910175.1000,3,7.851800,3.384800
2024-01-05,sz.300696,17.4300,18.0300,16.9500,17.0000,11233466,197294901.4300,3,6.332000,-2.355000
2024-01-12,sz.300696,17.0800,17.1200,16.0300,16.7000,10747076,177928925.1800,3,6.057800,-1.764700
2024-01-19,sz.300696,16.7500,16.7500,14.8200,15.1500,14386037,225005398.1700,3,8.109000,-9.281400
2024-01-26,sz.300696,15.0900,15.1700,13.2500,14.2000,22385533,315803473.0300,3,12.618100,-6.270600
2024-02-02,sz.300696,14.3000,14.4200,10.9500,11.4200,21095761,269213282.3900,3,11.891200,-19.577500
2024-02-08,sz.300696,11.2000,12.8400,9.3500,12.8400,32026763,345842353.5000,3,18.052700,12.434300
2024-02-23,sz.300696,12.9500,13.0500,11.9100,12.9800,42226855,526368944.8300,3,23.802100,1.090300
2024-03-01,sz.300696,12.9900,13.8900,12.1800,13.4600,37085034,491143150.9200,3,20.903900,3.698000
2024-03-08,sz.300696,13.5000,14.6900,12.9800,13.6700,50301768,693255500.5100,3,28.353900,1.560200
2024-03-15,sz.300696,13.7800,14.6900,13.4400,14.0800,43202661,607512921.1500,3,24.352200,2.999300
2024-03-22,sz.300696,14.0800,15.3000,14.0500,14.6800,49868385,735297743.6700,3,28.109400,4.261400
2024-03-29,sz.300696,14.6000,14.9300,13.1000,14.8700,40036684,567783063.4100,3,22.567600,1.294300
2024-04-03,sz.300696,14.9100,15.1000,13.9600,14.1000,21823320,316815279.1600,3,12.301200,-5.178200
2024-04-12,sz.300696,14.0800,14.0800,12.9900,13.0500,21082303,283659778.9100,3,11.883600,-7.446800
2024-04-19,sz.300696,13.1100,14.9500,11.5800,14.2700,38856161,507327625.6100,3,21.902300,9.348700
2024-04-26,sz.300696,13.9800,16.4200,13.7200,14.2100,79657711,1169345411.5200,3,43.880100,-0.420500
2024-04-30,sz.300696,14.2100,14.3800,13.3500,13.5000,18829819,262678829.0600,3,10.116400,-4.996500
2024-05-10,sz.300696,13.7300,15.8300,13.5100,15.0100,72925829,1084803743.7000,3,39.179700,11.185200
2024-05-17,sz.300696,14.8200,15.0500,13.9300,14.9900,44814011,650401769.9100,3,24.076500,-0.133200
2024-05-24,sz.300696,14.9000,16.6000,14.8300,14.9000,90605656,1421797210.5200,3,48.678200,0.024800
2024-05-31,sz.300696,14.5800,16.1800,13.7200,15.7200,66202075,975938967.9600,3,35.567400,5.503400
2024-06-07,sz.300696,16.0600,16.2200,14.1600,14.5800,72430996,1104283202.9000,3,38.913900,-7.251900
2024-06-14,sz.300696,14.3200,15.4400,13.8000,14.5400,38623245,570320523.0000,3,20.750500,-0.274300
2024-06-21,sz.300696,14.3700,17.4500,14.3700,15.7700,146764946,2384184814.3500,3,78.850100,8.459400
2024-06-28,sz.300696,16.8500,20.3000,16.5000,17.7500,221510630,4106368558.0100,3,119.007600,12.555500
2024-07-05,sz.300696,17.3600,17.7500,14.9800,15.4700,91506113,1506417956.6200,3,49.162100,-12.845100
2024-07-12,sz.300696,15.4100,15.4100,13.8600,14.7100,54848070,801336615.4800,3,29.467400,-4.912700
2024-07-19,sz.300696,14.4400,14.8000,12.6500,13.3800,43968683,595351123.4400,3,23.622400,-9.041500
2024-07-26,sz.300696,13.3900,14.2500,12.8800,14.0100,42873025,580227016.0200,3,23.033600,4.708500
2024-08-02,sz.300696,13.9900,15.2100,13.8600,14.6200,67647018,982984000.6300,3,36.343600,4.354000
2024-08-09,sz.300696,14.4500,15.1800,13.5000,13.5300,53919301,768522887.5300,3,28.968300,-7.455500
2024-08-16,sz.300696,13.2400,13.7000,12.7300,12.7400,27620701,365662754.5100,3,14.839400,-5.838900
2024-08-23,sz.300696,12.6800,12.9500,11.9600,12.0700,22596896,281984840.0400,3,12.140300,-5.259000
2024-08-30,sz.300696,12.1800,12.6700,11.3300,12.4800,24458327,295972706.6700,3,13.128500,3.396900
2024-09-06,sz.300696,12.4000,12.8800,12.2200,12.3000,17609545,219985384.0800,3,9.445800,-1.442300
2024-09-13,sz.300696,12.2800,12.4000,11.7000,11.7300,11125379,134753691.3400,3,5.967700,-4.634100
2024-09-20,sz.300696,11.6700,11.9700,11.3300,11.7400,9300936,108792263.1600,3,4.989100,0.085300
2024-09-27,sz.300696,11.8800,14.8300,11.6100,14.5600,48640213,650088931.9200,3,26.090600,24.020400
2024-09-30,sz.300696,15.5000,17.3500,14.7100,17.1400,26246697,419103787.1200,3,14.078700,17.719800
2024-10-11,sz.300696,20.0000,20.4300,15.7900,16.1600,89706682,1655531221.2000,3,48.118600,-5.717600
2024-10-18,sz.300696,16.7100,18.3900,16.4000,17.4300,90960895,1574990591.3600,3,48.791400,7.858900
2024-10-25,sz.300696,17.5800,19.1000,17.4500,17.6300,78435182,1416419165.5500,3,42.072600,1.147400
2024-11-01,sz.300696,17.6800,18.7900,16.8500,16.9300,61284758,1093869234.9500,3,32.873200,-3.970500
2024-11-08,sz.300696,16.7000,21.0000,16.6600,19.3200,114782471,2241845513.6900,3,61.569300,14.117000
2024-11-15,sz.300696,19.3200,19.9300,17.0400,17.0700,53996197,1009832262.0800,3,28.963400,-11.646000
2024-11-22,sz.300696,17.0700,17.4300,16.3000,16.3200,32352469,547224437.6300,3,17.353900,-4.393700
2024-11-29,sz.300696,16.3500,17.0600,15.8500,16.6600,24515118,404121296.5900,3,13.149800,2.083300
2024-12-06,sz.300696,16.7600,17.3800,16.6000,17.0300,28613690,484827600.6600,3,15.348400,2.220900
2024-12-13,sz.300696,17.0300,17.5000,16.3700,16.4300,31121181,527401823.3600,3,16.693300,-3.523200
2024-12-20,sz.300696,16.4400,16.5400,15.2600,16.0800,21905950,346006493.5200,3,11.750400,-2.130200
2024-12-27,sz.300696,16.0800,17.7800,15.2200,16.2800,30053532,483448540.9100,3,16.120700,1.243800
2025-01-03,sz.300696,16.1700,16.5800,13.9000,13.9100,23341345,360000114.1300,3,12.520400,-14.557700
2025-01-10,sz.300696,13.8700,14.6000,13.5000,13.9500,18864082,266364293.6400,3,10.118700,0.287600
2025-01-17,sz.300696,13.8100,15.1200,13.5800,14.5700,18981626,275505183.6400,3,10.181700,4.444400
2025-01-24,sz.300696,14.5800,14.8600,14.2200,14.3600,14381694,208605123.7400,3,7.714200,-1.441300
2025-01-27,sz.300696,14.4800,14.7300,14.2100,14.2200,2908667,42037745.7500,3,1.560200,-0.974900
2025-02-07,sz.300696,14.3900,15.3000,14.3000,15.1500,11472465,169885900.2800,3,6.153800,6.540100
2025-02-14,sz.300696,15.1600,15.5200,14.8600,15.0600,15729671,237878146.4100,3,8.437300,-0.594100
2025-02-21,sz.300696,15.0900,15.3600,14.5100,15.2700,19775974,297299937.9400,3,10.607800,1.394400
2025-02-28,sz.300696,15.2700,15.7100,14.7200,14.7700,20634930,315446071.6200,3,11.068600,-3.274400
2025-03-07,sz.300696,14.7700,16.9800,14.7700,16.5100,47340005,762869195.8600,3,25.393100,11.780600
2025-03-14,sz.300696,16.4900,18.0700,16.3900,17.2700,63274634,1095277673.1600,3,33.940400,4.603300
2025-03-21,sz.300696,17.3500,17.8000,16.6500,16.9900,31875685,544113274.4100,3,17.098000,-1.621300
2025-03-28,sz.300696,16.9800,17.1700,15.7800,15.9900,24644822,404328255.9200,3,13.219600,-5.885800
2025-04-03,sz.300696,15.9600,16.3200,15.3100,15.6300,13303438,210171254.4200,3,7.136000,-2.251400
2025-04-11,sz.300696,14.5500,17.5800,12.7500,16.7500,74801008,1210360258.9600,3,40.123100,7.165700
2025-04-18,sz.300696,16.7700,18.7900,16.1100,16.9000,97171046,1665027547.3700,3,52.122500,0.895500
2025-04-25,sz.300696,16.7100,19.6000,16.7100,17.9200,140519123,2580910004.3400,3,81.466000,6.035500
2025-04-30,sz.300696,17.7500,17.8300,16.9900,17.6500,34135189,592704020.5400,3,20.233500,-1.506700
2025-05-09,sz.300696,17.7500,25.0000,17.6800,21.4900,191237309,4014487427.4600,3,113.355800,21.756400
2025-05-16,sz.300696,21.6100,24.2000,20.6200,20.7300,182172569,4031703169.6500,3,107.982700,-3.536500
2025-05-23,sz.300696,20.8400,22.1000,19.8700,21.5400,124247940,2600243822.5600,3,73.647900,3.907400
2025-05-30,sz.300696,21.5000,21.5000,19.9800,20.1000,66223911,1366399341.7100,3,39.254200,-6.685200
2025-06-06,sz.300696,20.6000,21.4400,20.0000,20.6000,48423740,996233842.5000,3,28.703200,2.487600
2025-06-13,sz.300696,20.5200,22.6300,19.6800,21.9200,84917871,1763304225.5600,3,50.335000,6.407800
2025-06-20,sz.300696,21.8400,23.4300,20.1900,20.2900,118471701,2582021921.9200,3,70.224000,-7.436100
2025-06-27,sz.300696,20.4600,21.8000,19.5800,21.1600,77767327,1620240959.9400,3,46.096500,4.287800
2025-07-04,sz.300696,21.2200,22.8800,21.0200,21.2600,85482622,1883358499.2900,3,50.669800,0.472600
2025-07-11,sz.300696,21.2600,21.8200,20.4000,21.5800,70437167,1497893594.8800,3,41.751600,1.505200
2025-07-18,sz.300696,21.5000,22.5900,21.1300,22.3600,72478389,1581538934.1200,3,42.961500,3.614500
2025-07-25,sz.300696,22.2400,22.9500,21.9500,22.1700,65417859,1463418636.1200,3,38.776500,-0.849700
2025-08-01,sz.300696,22.2500,25.6100,22.1700,25.1000,124618908,2973402194.6300,3,73.867800,13.216100
2025-08-08,sz.300696,25.0100,35.0100,25.0000,33.2600,251862922,8043621622.2800,3,149.291600,32.510000
2025-08-15,sz.300696,33.9600,33.9700,29.4300,29.6700,145881961,4571786046.7500,3,86.471400,-10.793700
2025-08-22,sz.300696,29.4900,30.5700,28.4500,29.8700,130010874,3842191513.9200,3,77.063800,0.674100
2025-08-29,sz.300696,29.5100,30.1700,27.4700,29.3800,80034061,2298543261.5000,3,41.088100,-1.640400
2025-09-05,sz.300696,29.1700,29.1900,25.0100,25.6300,57822333,1564453589.8000,3,21.747000,-12.763800
2025-09-12,sz.300696,25.6900,26.8600,25.6300,26.2400,37619818,991202813.1100,3,14.148800,2.380000
2025-09-19,sz.300696,26.1800,27.2600,25.6000,26.2400,38471790,1017633375.4700,3,14.469300,0.000000
2025-09-26,sz.300696,26.0300,26.6000,25.0000,25.2400,33432486,859083290.3400,3,12.574000,-3.811000
2025-09-30,sz.300696,25.0100,25.9900,24.5500,25.8200,12916400,326415813.0000,3,4.857900,2.297900
2025-10-10,sz.300696,25.7000,26.4200,25.3100,25.9800,13980155,362845999.8800,3,5.258000,0.619700
2025-10-17,sz.300696,24.6500,27.7800,24.5000,25.0500,52171552,1376600136.3000,3,19.621700,-3.579700
2025-10-24,sz.300696,25.1600,25.8500,24.3300,25.3700,24816876,625392200.3400,3,9.333600,1.277400
2025-10-31,sz.300696,25.9500,27.0700,25.9500,26.2000,39371736,1044253105.4500,3,14.807700,3.271600
2025-11-07,sz.300696,26.1200,27.1900,25.7200,26.0900,25380322,669269678.6200,3,9.545500,-0.419800
2025-11-14,sz.300696,26.2900,26.2900,24.5400,25.1000,19380939,491158623.6900,3,7.289200,-3.794600
2025-11-21,sz.300696,25.6800,26.6900,24.9000,26.1900,40454129,1043269735.7200,3,15.214800,4.342600
